question_id,class_id,question,answer
1,asiatic_rice_borer,Sâu đục thân lúa gây ra những triệu chứng gì trên cây lúa?,"Sâu đục thân lúa (asiatic_rice_borer) gây ra các triệu chứng chính sau trên cây lúa:

1.  **Khô tim đèn (Dead heart):** Đây là triệu chứng xuất hiện ở giai đoạn mạ, lúa con hoặc lúa đẻ nhánh. Sâu non đục vào thân, cắt đứt mạch dẫn dinh dưỡng làm cho chồi non ở giữa bị héo, chuyển sang màu vàng rồi nâu và chết khô. Khi kéo nhẹ chồi này sẽ dễ dàng tuột ra khỏi bẹ lá.
2.  **Bông bạc (White ear):** Triệu chứng này thường xuất hiện ở giai đoạn lúa làm đòng, trổ bông. Sâu non đục vào thân lúa phía dưới bông, làm cho bông lúa không nhận được dinh dưỡng, trở nên trắng bệch, lép hoàn toàn hoặc lép một phần, và thường đứng thẳng."
2,asiatic_rice_borer,Làm thế nào để nhận biết ruộng lúa đang bị sâu đục thân lúa gây hại?,"Dựa trên thông tin mà mô hình đã nhận diện là `asiatic_rice_borer`, tôi chỉ có thể xác nhận tên của loài sâu hại này.

Để nhận biết cụ thể các dấu hiệu gây hại của sâu đục thân lúa trên ruộng, mô hình hiện"
3,asiatic_rice_borer,Tôi nên áp dụng biện pháp nào để quản lý sâu đục thân lúa?,"Dựa trên nhận diện của YOLO về sâu đục thân lúa (asiatic_rice_borer), để quản lý hiệu quả loài sâu hại này, bạn nên áp dụng tổng hợp các"
4,asiatic_rice_borer,Cần lưu ý gì để phòng ngừa sâu đục thân lúa?,"Chào bạn,

Với sâu đục thân lúa (asiatic_rice_borer), việc phòng ngừa là yếu tố then chốt để bảo vệ năng suất. Dưới đây là"
5,brown_plant_hopper,Rầy nâu gây ra những biểu hiện gì trên cây lúa?,"Dựa trên thông tin được cung cấp từ YOLO, chúng ta đã nhận diện được sự hiện diện của **rầy nâu (brown_plant_hopper)**.

Tuy nhiên, thông tin này chỉ dừng lại ở việc xác định loài gây hại. Mô hình hiện tại không cung cấp dữ liệu về các biểu hiện cụ thể hay triệu chứng mà rầy nâu gây ra trên cây lúa. Để trả lời câu hỏi về biểu hiện, cần có thêm dữ liệu hoặc thông tin chi tiết hơn về tác động của chúng, điều này nằm ngoài phạm vi kiến thức hiện có của mô hình trong ngữ cảnh này."
6,brown_plant_hopper,Làm sao xác định ruộng lúa đang bị rầy nâu tấn công?,"Với vai trò là chuyên gia sâu bệnh hại lúa, để xác định ruộng lúa đang bị rầy nâu tấn công, chúng ta dựa vào kết quả nhận diện trực tiếp từ mô hình.

Khi mô hình YOLO đã nhận diện và trả về kết quả là:
`brown_plant_hopper"
7,brown_plant_hopper,Tôi nên xử lý rầy nâu bằng những biện pháp nào?,"(Dung model du phong: gemini-2.5-flash-lite)

Chào bạn, với kinh nghiệm về sâu bệnh hại lúa, tôi xin tư vấn các biện pháp xử lý rầy nâu như sau:

**Biện pháp canh tác:**

*   **Vệ sinh đồng ruộng:** Dọn sạch cỏ dại, tàn dư thực vật sau thu hoạch để hạn chế nơi trú ẩn và lột xác của rầy.
*   **Cày ải, phơi đất:** Giúp tiêu diệt trứng rầy còn sót lại trong đất.
*   **Sử dụng giống kháng rầy:** Lựa chọn các giống lúa có khả năng chống chịu tốt với rầy nâu.
*   **Bón phân cân đối:** Tránh bón thừa đạm, tăng cường kali và silic để cây lúa cứng cáp, giảm hấp dẫn đối với rầy.
*   **Quản lý nước hợp lý:** Giữ mực nước phù hợp trên ruộng, tránh để ruộng quá khô hoặc quá ngập úng. Có thể tháo nước để làm rầy bị chết hoặc trôi dạt.
*   **Cấy sạ hàng, tỉa dặm:** Giúp cây lúa sinh trưởng đồng đều, dễ dàng quản lý và phun thuốc khi cần thiết.
*   **Kiểm tra đồng ruộng thường xuyên:** Phát hiện sớm rầy và có biện pháp xử lý kịp thời.

**Biện pháp sinh học:**

*   **Bảo vệ và phát triển thiên địch:** Rầy nâu có nhiều thiên địch tự nhiên như bọ rùa, nhện, ong ký sinh, nấm xanh, nấm trắng... Cần hạn chế sử dụng thuốc hóa học không chọn lọc để bảo vệ các loài thiên địch này.
*   **Sử dụng chế phẩm sinh học:** Có thể sử dụng các chế phẩm chứa vi nấm ký sinh rầy nâu (như *Beauveria bassiana*, *Metarhizium anisopliae*) để phun trừ rầy.

**Biện pháp hóa học:**

Khi mật độ rầy cao và các biện pháp khác không hiệu quả, có thể sử dụng thuốc hóa học. Tuy nhiên, cần lưu ý:

*   **Chọn thuốc đặc trị rầy nâu:** Tham khảo ý kiến cán bộ khuyến nông hoặc các chuyên gia để lựa chọn loại thuốc phù hợp và hiệu quả.
*   **Phun thuốc đúng thời điểm:** Phun khi rầy còn non, mật độ thấp để đạt hiệu quả cao nhất và giảm thiểu tác động đến môi trường.
*   **Phun thuốc đúng kỹ thuật:** Phun kỹ vào gốc lúa, nơi rầy thường tập trung.
*   **Luân phiên thuốc:** Sử dụng các loại thuốc có hoạt chất khác nhau để tránh hiện tượng rầy kháng thuốc.
*   **Tuân thủ thời gian cách ly:** Đảm bảo an toàn cho người sử dụng và môi trường.

**Lưu ý quan trọng:**

*   **Kết hợp nhiều biện pháp:** Biện pháp quản lý rầy nâu hiệu quả nhất là kết hợp hài hòa giữa các biện pháp canh tác, sinh học và hóa học (khi cần thiết).
*   **Theo dõi và đánh giá:** Thường xuyên kiểm tra đồng ruộng để đánh giá hiệu quả của các biện pháp đã áp dụng và điều chỉnh khi cần.

Chúc bạn quản lý rầy nâu thành công!"
8,brown_plant_hopper,Có những khuyến cáo nào để phòng ngừa rầy nâu?,"(Dung model du phong: gemini-2.5-flash-lite)

Dựa trên thông tin được cung cấp, rầy nâu là một loại sâu bệnh hại lúa. Dưới đây là những khuyến cáo để phòng ngừa rầy nâu:

*   **Quản lý dịch hại tổng hợp (IPM):** Áp dụng các biện pháp quản lý dịch hại tổng hợp, kết hợp nhiều phương pháp khác nhau để kiểm soát rầy nâu một cách hiệu quả và bền vững.
*   **Sử dụng giống kháng rầy:** Lựa chọn và sử dụng các giống lúa có khả năng kháng rầy nâu.
*   **Quản lý nước tưới:** Điều chỉnh chế độ nước tưới hợp lý, tránh để ruộng quá khô hoặc quá ngập nước, tạo điều kiện không thuận lợi cho rầy nâu phát triển.
*   **Vệ sinh đồng ruộng:** Thường xuyên làm sạch cỏ dại, tàn dư thực vật trên đồng ruộng để loại bỏ nơi trú ẩn và nguồn thức ăn của rầy nâu.
*   **Kiểm tra đồng ruộng thường xuyên:** Thường xuyên thăm đồng để phát hiện sớm sự xuất hiện của rầy nâu, từ đó có biện pháp xử lý kịp thời.
*   **Sử dụng thuốc bảo vệ thực vật khi cần thiết:** Chỉ sử dụng thuốc bảo vệ thực vật khi mật độ rầy nâu vượt ngưỡng khuyến cáo và ưu tiên sử dụng các loại thuốc có chọn lọc, ít ảnh hưởng đến thiên địch. Tuân thủ nguyên tắc ""4 đúng"" khi sử dụng thuốc.
*   **Bảo vệ thiên địch:** Hạn chế sử dụng thuốc hóa học phổ rộng để bảo vệ các loài thiên địch tự nhiên của rầy nâu như bọ rùa, nhện, ong ký sinh."
9,paddy_stem_maggot,Ruồi đục nõn lúa gây ra những triệu chứng gì trên cây lúa?,"Ruồi đục nõn lúa (paddy stem maggot) gây ra những triệu chứng đặc trưng trên cây lúa, chủ yếu ở giai đoạn lúa non và đẻ nhánh"
10,paddy_stem_maggot,Làm thế nào để nhận biết ruộng lúa đang bị ruồi đục nõn lúa gây hại?,"Chào bạn, với vai trò là chuyên gia sâu bệnh hại lúa và chỉ dựa trên thông tin nhận diện từ mô hình YOLO là ""paddy_stem_maggot"" (ru"
11,paddy_stem_maggot,Tôi nên áp dụng biện pháp nào để quản lý ruồi đục nõn lúa?,"Chào bạn, ruồi đục nõn lúa (paddy stem maggot) là một dịch hại quan trọng có thể gây tổn thất đáng kể cho năng suất lúa,"
12,paddy_stem_maggot,Cần lưu ý gì để phòng ngừa ruồi đục nõn lúa?,"Để phòng ngừa ruồi đục nõn lúa (paddy stem maggot), cần lưu ý các điểm sau:

1.  **Vệ sinh đồng ruộng:** Thu gom và tiêu"
13,rice_gall_midge,Muỗi hành gây ra những triệu chứng gì trên cây lúa?,"Muỗi hành (rice gall midge) gây ra các triệu chứng đặc trưng sau trên cây lúa:

1.  **Chồi bạc (Silver shoot):** Đây là triệu chứng điển hình nhất. Thay vì phát triển bình thường, chồi non bị tấn công sẽ biến đổi thành một ống rỗng, màu trắng bạc, dài và thẳng đứng, giống như lá hành hoặc ống hút. Chồi này không thể phát triển thành thân và lá bình thường.
2.  **Không trổ bông:** Chồi bị nhiễm muỗi hành sẽ không thể hình thành hoặc phát triển bông lúa (panicle), dẫn đến mất năng suất hoàn toàn ở các chồi bị ảnh hưởng.
3.  **Cây lúa bị lùn hoặc còi cọc:** Trong trường hợp nhiễm nặng, nhiều chồi bị ảnh hưởng có thể làm cho cả cây lúa bị lùn, kém phát triển so với cây khỏe mạnh.
4.  **Tăng số lượng chồi vô hiệu:** Mặc dù cây có thể đẻ nhánh, nhưng nhiều chồi trong số đó sẽ trở thành chồi bạc và không có khả năng cho hạt, làm giảm đáng kể năng suất."
14,rice_gall_midge,Làm thế nào để nhận biết ruộng lúa đang bị muỗi hành gây hại?,"Chào bạn, với vai trò là chuyên gia sâu bệnh hại lúa và dựa trên thông tin nhận diện từ YOLO là `rice_gall_midge`, tôi có thể hướng dẫn bạn"
15,rice_gall_midge,Tôi nên áp dụng biện pháp nào để quản lý muỗi hành?,"(Dung model du phong: gemini-2.5-flash-lite)

Dựa trên thông tin bạn cung cấp, YOLO đã nhận diện **muỗi hành** (rice_gall_midge).

Để quản lý muỗi hành, bạn nên áp dụng các biện pháp sau:

*   **Biện pháp canh tác:**
    *   **Vệ sinh đồng ruộng:** Dọn sạch cỏ dại, tàn dư thực vật sau thu hoạch để loại bỏ nơi trú ẩn và nguồn thức ăn của muỗi hành.
    *   **Luân canh cây trồng:** Tránh trồng lúa liên tục trên cùng một diện tích.
    *   **Thời vụ gieo cấy:** Cân nhắc thời vụ gieo cấy để tránh giai đoạn lúa mẫn cảm với muỗi hành trùng với giai đoạn cao điểm của dịch hại.
    *   **Quản lý nước:** Duy trì mực nước phù hợp trên ruộng, đặc biệt là trong giai đoạn lúa non.

*   **Biện pháp sinh học:**
    *   **Bảo vệ và nhân nuôi thiên địch:** Khuyến khích sự hiện diện của các loài thiên địch tự nhiên của muỗi hành như bọ rùa, nhện, ong ký sinh.

*   **Biện pháp hóa học:**
    *   **Sử dụng thuốc bảo vệ thực vật:** Khi mật độ muỗi hành cao và gây hại nghiêm trọng, cần sử dụng các loại thuốc bảo vệ thực vật được khuyến cáo để phòng trừ. Nên tuân thủ đúng liều lượng, cách dùng và thời điểm phun theo hướng dẫn của nhà sản xuất và cơ quan chuyên môn.

**Lưu ý quan trọng:** Việc áp dụng biện pháp nào cần dựa trên tình hình thực tế về mật độ và mức độ gây hại của muỗi hành trên đồng ruộng của bạn. Nên kết hợp nhiều biện pháp để đạt hiệu quả quản lý bền vững."
16,rice_gall_midge,Cần lưu ý gì để phòng ngừa muỗi hành?,"(Dung model du phong: gemini-2.5-flash-lite)

Để phòng ngừa muỗi hành (rice_gall_midge), cần lưu ý các điểm sau:

*   **Kiểm soát cỏ dại:** Cỏ dại có thể là nơi trú ngụ và sinh sản của muỗi hành. Do đó, việc dọn sạch cỏ dại xung quanh ruộng lúa là rất quan trọng.
*   **Vệ sinh đồng ruộng:** Loại bỏ tàn dư thực vật, rơm rạ sau vụ mùa để hạn chế nơi ẩn náu và phát triển của sâu non muỗi hành.
*   **Luân canh cây trồng:** Thay đổi loại cây trồng trên ruộng có thể phá vỡ chu kỳ sống của muỗi hành.
*   **Quản lý nước:** Duy trì mực nước phù hợp trên ruộng có thể ảnh hưởng đến sự phát triển của muỗi hành.
*   **Sử dụng giống kháng bệnh:** Lựa chọn các giống lúa có khả năng chống chịu tốt với muỗi hành.
*   **Theo dõi và phát hiện sớm:** Thường xuyên kiểm tra ruộng lúa để phát hiện sớm các dấu hiệu nhiễm muỗi hành, giúp có biện pháp xử lý kịp thời.
*   **Sử dụng thuốc bảo vệ thực vật (nếu cần thiết):** Khi mật độ muỗi hành cao và gây hại nghiêm trọng, có thể cân nhắc sử dụng các loại thuốc bảo vệ thực vật được khuyến cáo để phòng trừ. Tuy nhiên, cần tuân thủ đúng liều lượng và thời điểm sử dụng để đảm bảo hiệu quả và an toàn."
17,rice_leaf_caterpillar,Sâu ăn lá lúa gây ra những triệu chứng gì trên cây lúa?,"Dựa trên nhận diện `rice_leaf_caterpillar` (sâu cuốn lá lúa), các triệu chứng mà sâu này gây ra trên cây lúa bao gồm:

1."
18,rice_leaf_caterpillar,Làm thế nào để nhận biết ruộng lúa đang bị sâu ăn lá lúa gây hại?,"Dựa trên thông tin từ mô hình, để nhận biết ruộng lúa đang bị sâu ăn lá lúa gây hại, chúng ta sẽ dựa vào việc mô hình YOLO đã nhận diện được sự hiện diện của **rice_leaf_caterpillar**."
19,rice_leaf_caterpillar,Tôi nên áp dụng biện pháp nào để quản lý sâu ăn lá lúa?,"Dựa trên nhận diện của YOLO, sâu hại được xác định là **sâu ăn lá lúa (rice_leaf_caterpillar)**.

Để quản lý sâu ăn lá l"
20,rice_leaf_caterpillar,Cần lưu ý gì để phòng ngừa sâu ăn lá lúa?,"Để phòng ngừa sâu ăn lá lúa (rice_leaf_caterpillar), dựa trên thông tin đã nhận diện, cần lưu ý các điểm sau:

1.  **"
21,rice_leaf_hopper,Rầy xanh gây ra những triệu chứng gì trên cây lúa?,"Rầy xanh (rice_leaf_hopper) gây ra các triệu chứng sau trên cây lúa:

1.  **Vàng lá:** Rầy xanh hút nhựa từ lá và bẹ lá, làm cho lá lúa chuyển sang màu vàng, thường bắt đầu từ chóp lá và mép lá.
2.  **Cháy rầy (Hopperburn):** Khi mật độ rầy cao, sự hút nhựa liên tục và nghiêm trọng có thể khiến toàn bộ cây lúa hoặc một vùng lớn trên đồng ruộng chuyển sang màu vàng cam, sau đó nâu và khô héo, trông như bị cháy.
3.  **Cây còi cọc, sinh trưởng kém:** Sự mất mát chất dinh dưỡng do rầy hút nhựa làm cây lúa chậm phát triển, còi cọc, giảm khả năng đẻ nhánh.
4.  **Lây truyền"
22,rice_leaf_hopper,Làm thế nào để nhận biết ruộng lúa đang bị rầy xanh gây hại?,"Chào bạn,

Với thông tin từ mô hình YOLO đã nhận diện là `rice_leaf_hopper`, để nhận biết ruộng lúa đang bị rầy xanh gây hại, phương pháp chính"
23,rice_leaf_hopper,Tôi nên áp dụng biện pháp nào để quản lý rầy xanh?,"Dựa trên thông tin bạn cung cấp, YOLO đã nhận diện là **rầy xanh (rice_leaf_hopper)**.

Tuy nhiên, với kiến thức hiện có từ mô hình (chỉ là tên loài), tôi không có đủ thông tin để đưa ra các biện pháp quản lý cụ thể cho rầy xanh. Mô hình chỉ cung cấp khả năng nhận diện, không bao gồm dữ liệu về vòng đời, mức độ gây hại, hoặc các phương pháp kiểm soát."
24,rice_leaf_hopper,Cần lưu ý gì để phòng ngừa rầy xanh?,"(Dung model du phong: gemini-2.5-flash-lite)

Để phòng ngừa rầy xanh, bạn cần lưu ý các điểm sau:

*   **Vệ sinh đồng ruộng:** Dọn sạch cỏ dại, tàn dư thực vật sau mỗi vụ thu hoạch để loại bỏ nơi trú ẩn và nguồn thức ăn của rầy.
*   **Luân canh cây trồng:** Không nên trồng liên tục cây lúa trên cùng một diện tích đất. Luân canh với các loại cây trồng khác có thể giúp cắt đứt chu kỳ sống của rầy.
*   **Kiểm tra thường xuyên:** Thường xuyên thăm đồng để phát hiện sớm sự xuất hiện của rầy, đặc biệt là ở giai đoạn lúa còn non.
*   **Sử dụng giống kháng rầy:** Ưu tiên sử dụng các giống lúa có khả năng kháng rầy xanh tốt.
*   **Quản lý nước tưới:** Điều chỉnh mực nước phù hợp trong ruộng lúa, tránh để ruộng quá khô hoặc quá ngập úng, vì điều này có thể tạo điều kiện thuận lợi cho rầy phát triển.
*   **Bón phân cân đối:** Bón phân cân đối, tránh bón thừa đạm, vì đạm cao thường làm cây lúa mềm yếu, dễ bị rầy tấn công.
*   **Sử dụng thuốc bảo vệ thực vật khi cần thiết:** Khi mật độ rầy cao và có nguy cơ gây hại, cần sử dụng các loại thuốc bảo vệ thực vật được khuyến cáo để phòng trừ rầy xanh. Nên tuân thủ nguyên tắc 4 đúng (đúng thuốc, đúng liều lượng, đúng lúc, đúng cách) và luân phiên các loại thuốc để tránh rầy kháng thuốc.
*   **Bảo vệ thiên địch:** Hạn chế sử dụng thuốc hóa học tràn lan để bảo vệ các loài thiên địch tự nhiên của rầy xanh như bọ rùa, nhện, ong ký sinh."
25,rice_leaf_roller,Sâu cuốn lá lúa gây ra những triệu chứng gì trên cây lúa?,"Dựa trên thông tin YOLO đã nhận diện là 'rice_leaf_roller' (sâu cuốn lá lúa), tôi không có thông tin cụ thể về các triệu chứng mà sâu cuốn lá lúa gây ra trên cây lúa trong dữ liệu được cung cấp cho mô hình này.

Mô hình hiện tại chỉ cung cấp thông tin nhận diện tên sâu hại."
26,rice_leaf_roller,Làm thế nào để nhận biết ruộng lúa đang bị sâu cuốn lá lúa gây hại?,"Chào bạn, với vai trò là chuyên gia sâu bệnh hại lúa và dựa trên thông tin nhận diện ""rice_leaf_roller"" (sâu cuốn lá lúa), cách chính để nhận"
27,rice_leaf_roller,Tôi nên áp dụng biện pháp nào để quản lý sâu cuốn lá lúa?,"Dựa trên nhận diện của YOLO là sâu cuốn lá lúa (rice_leaf_roller).

Tuy nhiên, với thông tin hiện có trong mô hình của tôi, tôi không có đủ dữ liệu cụ thể về các biện pháp quản lý chi tiết cho sâu cuốn lá lúa để đưa ra khuyến nghị. Tôi chỉ được phép sử dụng kiến thức đã được cung cấp trong mô hình và không được viện dẫn tài liệu bên ngoài."
28,rice_leaf_roller,Cần lưu ý gì để phòng ngừa sâu cuốn lá lúa?,"(Dung model du phong: gemini-2.5-flash-lite)

Để phòng ngừa sâu cuốn lá lúa, cần lưu ý các điểm sau:

*   **Vệ sinh đồng ruộng:** Dọn sạch cỏ dại, tàn dư thực vật sau mỗi vụ để loại bỏ nơi trú ẩn và nguồn thức ăn của sâu.
*   **Luân canh cây trồng:** Không trồng lúa liên tục trên cùng một diện tích để cắt đứt vòng đời của sâu bệnh.
*   **Kiểm tra đồng ruộng thường xuyên:** Quan sát kỹ ruộng lúa để phát hiện sớm các dấu hiệu của sâu cuốn lá, đặc biệt là vào giai đoạn lúa còn non và giai đoạn đẻ nhánh.
*   **Sử dụng giống kháng sâu bệnh:** Lựa chọn các giống lúa có khả năng chống chịu tốt với sâu cuốn lá.
*   **Quản lý nước hợp lý:** Điều chỉnh mực nước trên ruộng phù hợp, tránh để ruộng quá khô hoặc quá ngập úng, vì điều này có thể ảnh hưởng đến sức khỏe cây lúa và tạo điều kiện cho sâu phát triển.
*   **Bón phân cân đối:** Bón phân đầy đủ và cân đối, tránh bón thừa đạm, vì bón thừa đạm làm cho cây lúa phát triển tốt, lá xanh tốt, thu hút sâu cuốn lá đến gây hại.
*   **Sử dụng thuốc bảo vệ thực vật khi cần thiết:** Chỉ sử dụng thuốc bảo vệ thực vật khi mật độ sâu cao và có nguy cơ gây hại nghiêm trọng, tuân thủ nguyên tắc 4 đúng (đúng thuốc, đúng liều lượng, đúng lúc, đúng cách). Ưu tiên sử dụng các loại thuốc sinh học hoặc thuốc có độc tính thấp.
*   **Tạo môi trường sống thuận lợi cho thiên địch:** Hạn chế sử dụng thuốc hóa học tràn lan để bảo vệ các loài thiên địch tự nhiên của sâu cuốn lá như bọ rùa, nhện, ong ký sinh."
29,rice_water_weevil,Mọt nước hại lúa gây ra những triệu chứng gì trên cây lúa?,"Mọt nước hại lúa (rice water weevil) gây ra những triệu chứng rõ rệt trên cây lúa, chủ yếu do hoạt động của cả con trưởng thành và ấu trùng"
30,rice_water_weevil,Làm thế nào để nhận biết ruộng lúa đang bị mọt nước hại lúa gây hại?,"(Dung model du phong: gemini-2.5-flash-lite)

Dựa trên thông tin được cung cấp, mọt nước hại lúa (rice_water_weevil) là một loại sâu bệnh hại lúa.

Để nhận biết ruộng lúa đang bị mọt nước hại lúa gây hại, bạn cần quan sát các dấu hiệu sau:

*   **Ấu trùng:** Ấu trùng của mọt nước hại lúa sống trong nước và ăn rễ lúa. Do đó, bạn có thể thấy các **vết ăn trên rễ lúa** hoặc **rễ lúa bị tổn thương**.
*   **Trưởng thành:** Con trưởng thành của mọt nước hại lúa có thể ăn lá lúa, tạo ra các **vết ăn trên lá**.

Những dấu hiệu này cho thấy sự hiện diện và hoạt động gây hại của mọt nước hại lúa trên ruộng."
31,rice_water_weevil,Tôi nên áp dụng biện pháp nào để quản lý mọt nước hại lúa?,"(Dung model du phong: gemini-2.5-flash-lite)

Dựa trên thông tin bạn cung cấp, YOLO đã nhận diện **mọt nước hại lúa (rice_water_weevil)**.

Để quản lý mọt nước hại lúa, bạn nên áp dụng các biện pháp sau:

*   **Biện pháp canh tác:**
    *   **Vệ sinh đồng ruộng:** Dọn sạch cỏ dại, tàn dư thực vật trên ruộng và xung quanh bờ ruộng để loại bỏ nơi trú ẩn và sinh sản của mọt nước.
    *   **Quản lý nước:** Duy trì mực nước phù hợp trên ruộng. Tránh để ruộng khô hạn kéo dài hoặc ngập úng quá sâu, vì điều này có thể tạo điều kiện thuận lợi cho mọt nước phát triển.
    *   **Luân canh cây trồng:** Nếu có thể, luân canh lúa với các loại cây trồng khác không phải là ký chủ của mọt nước để cắt đứt chu kỳ sinh trưởng của chúng.
    *   **Chọn giống kháng:** Ưu tiên sử dụng các giống lúa có khả năng kháng mọt nước.

*   **Biện pháp sinh học:**
    *   **Thiên địch:** Bảo vệ và phát triển các loài thiên địch tự nhiên của mọt nước như cá, ếch nhái, chim ăn côn trùng.

*   **Biện pháp hóa học:**
    *   **Sử dụng thuốc bảo vệ thực vật:** Khi mật độ mọt nước cao và gây hại nghiêm trọng, có thể sử dụng các loại thuốc bảo vệ thực vật được khuyến cáo để phòng trừ. Cần tuân thủ đúng liều lượng, thời điểm phun và quy tắc an toàn.

**Lưu ý quan trọng:**

*   Việc áp dụng biện pháp nào cần dựa trên mức độ gây hại thực tế của mọt nước trên ruộng của bạn.
*   Kết hợp nhiều biện pháp (tổng hợp) thường mang lại hiệu quả cao và bền vững hơn so với chỉ sử dụng một biện pháp đơn lẻ."
32,rice_water_weevil,Cần lưu ý gì để phòng ngừa mọt nước hại lúa?,"(Dung model du phong: gemini-2.5-flash-lite)

Để phòng ngừa mọt nước hại lúa, cần lưu ý các biện pháp sau:

*   **Vệ sinh đồng ruộng:** Dọn sạch cỏ dại, tàn dư thực vật trên ruộng và bờ ruộng để loại bỏ nơi trú ẩn và nguồn thức ăn của mọt nước.
*   **Quản lý nước:** Điều chỉnh mực nước trên ruộng hợp lý. Tránh để ruộng bị khô hạn kéo dài hoặc ngập úng liên tục, vì cả hai điều kiện này đều có thể tạo điều kiện thuận lợi cho mọt nước phát triển.
*   **Luân canh cây trồng:** Thực hiện luân canh cây trồng với các loại cây không phải là ký chủ của mọt nước để cắt đứt vòng đời của chúng.
*   **Sử dụng giống kháng:** Ưu tiên sử dụng các giống lúa có khả năng kháng mọt nước.
*   **Kiểm tra đồng ruộng thường xuyên:** Thường xuyên thăm đồng để phát hiện sớm sự xuất hiện của mọt nước, đặc biệt là ở giai đoạn lúa còn non.
*   **Biện pháp hóa học (khi cần thiết):** Trong trường hợp mật độ mọt nước cao và có nguy cơ gây hại nghiêm trọng, có thể sử dụng thuốc bảo vệ thực vật theo khuyến cáo của cơ quan chuyên môn. Tuy nhiên, cần sử dụng thuốc đúng liều lượng, đúng thời điểm và tuân thủ nguyên tắc 4 đúng để đảm bảo hiệu quả và giảm thiểu tác động tiêu cực đến môi trường."
33,small_brown_plant_hopper,Rầy nâu nhỏ gây ra những triệu chứng gì trên cây lúa?,"(Dung model du phong: gemini-2.5-flash-lite)

Rầy nâu nhỏ gây ra các triệu chứng sau trên cây lúa:

*   **Rầy trưởng thành và ấu trùng chích hút nhựa cây:** Chúng tập trung ở gốc lúa, đặc biệt là ở bẹ lá và thân lúa, chích hút nhựa cây làm cây lúa bị suy yếu.
*   **Lúa bị vàng, khô héo:** Do bị hút nhựa, cây lúa sẽ có biểu hiện vàng lá, khô héo dần từ chóp lá xuống.
*   **Lúa bị ""cháy"" hoặc ""chết rụi"":** Trong trường hợp nặng, cây lúa có thể bị chết hàng loạt, trông như bị cháy hoặc chết rụi.
*   **Lúa bị ""lùn"":** Cây lúa bị ảnh hưởng bởi rầy nâu nhỏ thường có chiều cao thấp hơn so với cây khỏe mạnh.
*   **Lúa bị ""bạc lá"":** Lá lúa có thể chuyển sang màu trắng bạc, đặc biệt là ở phần gốc.
*   **Rầy nâu nhỏ là môi giới truyền bệnh virus:** Chúng có thể truyền các bệnh virus nguy hiểm cho cây lúa, làm tăng mức độ thiệt hại."
34,small_brown_plant_hopper,Làm thế nào để nhận biết ruộng lúa đang bị rầy nâu nhỏ gây hại?,"(Dung model du phong: gemini-2.5-flash-lite)

Dựa trên thông tin nhận diện ""small_brown_plant_hopper"" (rầy nâu nhỏ), để nhận biết ruộng lúa đang bị rầy nâu nhỏ gây hại, bạn cần quan sát các dấu hiệu sau:

*   **Sự hiện diện của rầy:** Tìm kiếm trực tiếp các cá thể rầy nâu nhỏ trên cây lúa. Rầy trưởng thành và rầy non thường tập trung ở gốc lúa, bẹ lá, đặc biệt là những nơi khuất, ẩm ướt.
*   **Triệu chứng trên cây lúa:**
    *   **Vàng lá, cháy chóp lá:** Rầy chích hút nhựa cây, làm cây lúa bị suy yếu, biểu hiện bằng việc lá chuyển sang màu vàng, bắt đầu từ chóp lá và lan dần xuống phía dưới.
    *   **Chết rụi từng chòm (cháy từng khóm):** Khi mật độ rầy cao, chúng hút hết nhựa cây, khiến cây lúa không thể quang hợp và dinh dưỡng, dẫn đến hiện tượng chết rụi từng chòm hoặc từng khóm lúa. Tình trạng này thường lan rộng ra.
    *   **Bẹ lá bị khô:** Quan sát phần bẹ lá, bạn có thể thấy chúng bị khô héo do rầy gây hại.
    *   **Có bọt trắng:** Rầy non thường tiết ra bọt trắng để bảo vệ mình khỏi kẻ thù tự nhiên và môi trường khô hạn. Sự xuất hiện của bọt trắng trên thân lúa là một dấu hiệu rõ ràng của sự hiện diện của rầy non."
35,small_brown_plant_hopper,Tôi nên áp dụng biện pháp nào để quản lý rầy nâu nhỏ?,"(Dung model du phong: gemini-2.5-flash-lite)

Dựa trên thông tin bạn cung cấp, YOLO đã nhận diện ""small_brown_plant_hopper"", tức là rầy nâu nhỏ.

Để quản lý rầy nâu nhỏ, bạn có thể áp dụng các biện pháp sau:

*   **Biện pháp canh tác:**
    *   **Vệ sinh đồng ruộng:** Dọn sạch cỏ dại, tàn dư thực vật sau thu hoạch để loại bỏ nơi trú ẩn và nguồn thức ăn của rầy.
    *   **Cày ải, phơi đất:** Giúp tiêu diệt trứng và ấu trùng rầy còn sót lại trong đất.
    *   **Luân canh cây trồng:** Tránh trồng lúa liên tục trên cùng một diện tích để cắt đứt chu kỳ sinh trưởng của rầy.
    *   **Sử dụng giống kháng rầy:** Lựa chọn các giống lúa có khả năng chống chịu tốt với rầy nâu.
    *   **Quản lý nước hợp lý:** Giữ mực nước ruộng phù hợp, tránh để ruộng khô hạn kéo dài, vì rầy nâu thường phát triển mạnh trong điều kiện khô hạn.
    *   **Bón phân cân đối:** Tránh bón thừa đạm, vì đạm cao làm cây lúa mềm yếu, dễ bị rầy tấn công.

*   **Biện pháp sinh học:**
    *   **Bảo vệ và phát triển thiên địch:** Rầy nâu có nhiều thiên địch tự nhiên như bọ rùa, chuồn chuồn, nhện, ong ký sinh. Hạn chế sử dụng thuốc hóa học để bảo vệ các loài thiên địch này.
    *   **Sử dụng chế phẩm sinh học:** Có thể sử dụng các chế phẩm sinh học chứa vi nấm hoặc vi khuẩn có khả năng gây bệnh cho rầy.

*   **Biện pháp hóa học:**
    *   **Sử dụng thuốc bảo vệ thực vật:** Khi mật độ rầy cao và các biện pháp khác không hiệu quả, có thể sử dụng các loại thuốc hóa học đặc trị rầy nâu. Tuy nhiên, cần tuân thủ nguyên tắc ""4 đúng"" (đúng thuốc, đúng liều lượng, đúng lúc, đúng cách) và luân phiên các loại thuốc có hoạt chất khác nhau để tránh hiện tượng rầy kháng thuốc. Nên ưu tiên các loại thuốc có độc tính thấp, ít ảnh hưởng đến môi trường và thiên địch.

**Lưu ý quan trọng:** Việc lựa chọn biện pháp cụ thể cần dựa trên tình hình thực tế về mật độ rầy, giai đoạn sinh trưởng của cây lúa và điều kiện canh tác tại địa phương. Nên tham khảo ý kiến của cán bộ khuyến nông hoặc chuyên gia để có hướng xử lý phù hợp nhất."
36,small_brown_plant_hopper,Cần lưu ý gì để phòng ngừa rầy nâu nhỏ?,"(Dung model du phong: gemini-2.5-flash-lite)

Để phòng ngừa rầy nâu nhỏ, cần lưu ý các điểm sau:

*   **Quản lý nước:** Giữ mực nước phù hợp trong ruộng lúa.
*   **Vệ sinh đồng ruộng:** Dọn sạch cỏ dại và tàn dư thực vật sau mỗi vụ mùa.
*   **Luân canh cây trồng:** Thay đổi loại cây trồng trên ruộng để phá vỡ chu kỳ sinh trưởng của rầy.
*   **Sử dụng giống kháng:** Lựa chọn các giống lúa có khả năng chống chịu tốt với rầy nâu.
*   **Kiểm tra đồng ruộng thường xuyên:** Theo dõi sự xuất hiện và mật độ của rầy để có biện pháp xử lý kịp thời.
*   **Sử dụng thuốc bảo vệ thực vật khi cần thiết:** Chỉ sử dụng thuốc khi mật độ rầy cao và theo hướng dẫn của chuyên gia."
37,yellow_rice_borer,Sâu đục thân vàng gây ra những triệu chứng gì trên cây lúa?,"(Dung model du phong: gemini-2.5-flash-lite)

Dựa trên thông tin được cung cấp, sâu đục thân vàng (yellow_rice_borer) gây ra các triệu chứng sau trên cây lúa:

*   **Đục thân:** Sâu non ăn phần bên trong thân lúa, gây ra hiện tượng ""chết héo"" hoặc ""chết rạp"" của cây lúa.
*   **Vàng lá:** Lá lúa có thể chuyển sang màu vàng.
*   **Tổn thương bông:** Sâu có thể ăn phần bên trong bông lúa, làm cho bông bị lép hoặc không phát triển."
38,yellow_rice_borer,Làm thế nào để nhận biết ruộng lúa đang bị sâu đục thân vàng gây hại?,"(Dung model du phong: gemini-2.5-flash-lite)

Dựa trên thông tin từ mô hình, để nhận biết ruộng lúa đang bị sâu đục thân vàng gây hại, bạn cần quan sát các dấu hiệu sau:

*   **Trên cây lúa:**
    *   **Lúa bị héo, chết rụi:** Đây là dấu hiệu điển hình nhất. Các cây lúa, đặc biệt là ở giai đoạn đẻ nhánh và làm đòng, có thể bị héo đột ngột và chết khô.
    *   **Cổ bông bị đục:** Sâu đục thân vàng tấn công vào phần thân lúa, gây tổn thương bên trong. Điều này có thể dẫn đến tình trạng cổ bông bị đục, làm cho bông lúa bị rỗng ruột, không có hạt hoặc hạt lép.
    *   **Thân lúa bị đục:** Quan sát kỹ thân cây lúa có thể thấy các lỗ đục do sâu gây ra.

*   **Sâu non:**
    *   **Màu vàng:** Sâu non của sâu đục thân vàng thường có màu vàng.

Những dấu hiệu này cho thấy sự hiện diện và hoạt động gây hại của sâu đục thân vàng trên ruộng lúa của bạn."
39,yellow_rice_borer,Tôi nên áp dụng biện pháp nào để quản lý sâu đục thân vàng?,"(Dung model du phong: gemini-2.5-flash-lite)

Dựa trên thông tin YOLO đã nhận diện ""yellow_rice_borer"" (sâu đục thân vàng), đây là các biện pháp quản lý bạn có thể áp dụng:

**Biện pháp canh tác:**

*   **Vệ sinh đồng ruộng:** Thu dọn sạch tàn dư thực vật sau thu hoạch để loại bỏ nơi trú ẩn và trứng của sâu.
*   **Luân canh cây trồng:** Tránh trồng lúa liên tục trên cùng một diện tích để cắt đứt vòng đời của sâu.
*   **Cày sâu, lật đất:** Giúp tiêu diệt nhộng và trứng sâu ẩn trong đất.
*   **Quản lý nước hợp lý:** Giữ mực nước ruộng phù hợp, tránh để ruộng khô hạn kéo dài hoặc ngập úng.
*   **Chọn giống kháng bệnh/sâu:** Ưu tiên sử dụng các giống lúa có khả năng chống chịu tốt với sâu đục thân.
*   **Bón phân cân đối:** Tránh bón thừa đạm, vì đạm cao thường thu hút sâu hại.

**Biện pháp sinh học:**

*   **Sử dụng thiên địch:** Bảo vệ và tạo điều kiện cho các loài thiên địch tự nhiên của sâu đục thân phát triển (ví dụ: các loài ong ký sinh, bọ rùa, chim ăn sâu).
*   **Sử dụng chế phẩm sinh học:** Có thể sử dụng các chế phẩm chứa vi khuẩn Bacillus thuringiensis (Bt) hoặc nấm ký sinh côn trùng để phòng trừ sâu non.

**Biện pháp hóa học:**

*   **Sử dụng thuốc bảo vệ thực vật:** Khi mật độ sâu cao và các biện pháp khác không hiệu quả, có thể sử dụng thuốc trừ sâu hóa học theo khuyến cáo. Cần lựa chọn thuốc có hoạt chất phù hợp và tuân thủ đúng liều lượng, thời điểm phun, thời gian cách ly để đảm bảo hiệu quả và an toàn.

**Biện pháp vật lý:**

*   **Bẫy đèn:** Sử dụng bẫy đèn để thu hút và tiêu diệt bướm trưởng thành vào ban đêm, hạn chế khả năng đẻ trứng.
*   **Bẫy pheromone:** Sử dụng bẫy pheromone để dẫn dụ bướm đực, làm giảm khả năng sinh sản của quần thể sâu.

**Lưu ý quan trọng:**

*   **Thăm đồng thường xuyên:** Kiểm tra đồng ruộng định kỳ để phát hiện sớm sự xuất hiện của sâu và có biện pháp xử lý kịp thời.
*   **Kết hợp nhiều biện pháp:** Nên áp dụng kết hợp nhiều biện pháp quản lý (tổng hợp) để đạt hiệu quả cao nhất và bền vững.
*   **Tham khảo ý kiến chuyên gia:** Khi cần thiết, hãy tham khảo ý kiến của cán bộ khuyến nông hoặc chuyên gia để có hướng dẫn cụ thể cho từng trường hợp."
40,yellow_rice_borer,Cần lưu ý gì để phòng ngừa sâu đục thân vàng?,"(Dung model du phong: gemini-2.5-flash-lite)

Dựa trên thông tin được cung cấp, để phòng ngừa sâu đục thân vàng (yellow_rice_borer), cần lưu ý các điểm sau:

*   **Quan sát và nhận diện sớm:** Việc nhận diện chính xác sâu đục thân vàng là bước đầu tiên và quan trọng nhất.
*   **Biện pháp phòng ngừa:** Cần có các biện pháp để ngăn chặn sự xuất hiện và phát triển của sâu đục thân vàng.

Tuy nhiên, mô hình không cung cấp chi tiết cụ thể về các biện pháp phòng ngừa này."
